,vx,vy,vz
0,-10.476645639559216,-7.253571967645155,-2.383009551096976
1,3.5600216663434985,-2.808116723644574,1.0079032256173814
2,6.881564214622066,-7.353828031286595,-1.4411079731927408
3,-3.834224030871523,-2.2169484267593433,-6.825593510590132
4,6.159651427210687,-9.042173664082801,-0.8555637070640291
5,0.682218704148242,1.1825987296610083,6.661822650409179
6,5.0097645305089715,13.35452311292819,4.65108466807332
7,5.099608414916186,11.12260576855687,-3.9719871698438776
8,-9.364640435980943,-1.919058634877147,7.975765432778255
9,-1.914839045762333,4.804779156154038,-7.770680575884759
10,9.533831847155632,3.276218277888932,3.4299022966242534
11,2.611208729599113,-1.4309959999031898,-7.451140372165047
12,-11.815149659685378,5.3585971985448,-12.419391207779556
13,-9.871247079250809,0.9600997747775709,5.941351459612905
14,-6.951927900502803,-1.0148557644155152,7.28842704938471
15,4.158180685953846,-5.707384185172801,11.321946793152101
16,11.865063148139967,-12.251561229780968,-4.419180319755407
17,6.609922139405101,6.356295805452044,-4.366916643879858
18,3.3133975608172666,12.46044622889091,6.191008379034592
19,-2.542691047493988,-3.512130485535069,2.0500277009709307
20,3.4922904594358277,9.979568969113409,-9.537916449533075
21,-4.844073647562223,-0.8280148013188311,4.622083586372498
22,-7.474031153770804,13.919526711089858,0.4721750500179997
23,7.7297754548100785,0.5986659018157777,-9.036268315696534
24,-4.742471440599775,-8.582631751940221,1.0520427981513643
25,0.42451021233034814,7.476818893697116,-7.869790459895428
26,-3.0559804114523867,6.943338525970183,-7.887819260506489
27,-1.075778837272225,2.3872712706314076,-5.6254359238616445
28,0.9133802460980293,-10.388391796580116,0.42886008656139873
29,-4.735196560532773,12.232505579746249,-13.885337057507524
30,19.971897524087137,6.374413386705763,3.2025771111567867
31,18.692605570464686,-2.7336485621030415,9.169359192673403
32,-1.6936826258515245,6.12480375435222,2.2922624002988936
33,9.01123493081667,6.140392666816909,-0.30655430799819894
34,-3.5349401695491784,-1.7716241113531013,-2.8814321195890598
35,1.2025105615416678,4.925004396159079,-2.843418914661801
36,-6.164457048313372,-7.145009522137012,2.013669146444081
37,4.719828139430358,-10.275049903890052,-2.9786241520723116
38,1.668336152244783,-0.8008983389810628,3.521070819060676
39,10.540149237233292,0.5563411694891713,-8.052078063687555
40,10.792989234701041,1.8971920066686307,-3.0897004935675167
41,7.07126323009516,0.6951217309342075,-0.3094105283299658
42,-0.4469937442898758,-7.370493331828876,-6.003521726813322
43,17.44071726285545,8.100120940032395,-6.777105964175584
44,12.976768017666087,6.823848768883063,0.9251564773916594
45,0.8427191042349469,-6.661753327444166,-6.821819028910293
46,-0.5135508431252745,0.9317752921160074,1.9739707903169055
47,9.331308453677606,-4.516551537177498,2.950024147927493
48,-4.875594595354217,8.399503004461721,-4.420997509457868
49,-2.9615320983932567,-6.062591583685627,-0.411407230921945
50,-7.6452398708417695,-2.3134900734314034,-3.2583723521497605
51,1.4053839567147004,0.8579145488659183,-4.669655426754594
52,-0.6486544588323707,6.820543124746532,-6.83079300975339
53,12.576952218528387,-0.8128502630287385,-4.544480611424007
54,-5.954811568878865,2.222617530950126,-0.808994642940911
55,-0.39231185030138177,-2.8408179001545553,-0.3064775405047887
56,-1.9300778021785892,5.5466810939762405,4.762216532987231
57,-13.907624089387703,3.55055711996983,-4.688509075187969
58,2.4304308456317605,8.414209694893813,-5.906233785585705
59,6.490540072807737,3.6974781046920784,5.733204804549682
60,2.9051505486992393,0.3860695867715564,13.009757304859857
61,-17.718234627977825,-1.441008193203248,-5.318214817267626
62,1.4877504213878932,0.7574831532518168,-15.78299206499632
63,-4.03901770174204,1.637524362301438,10.314395694142782
64,-1.1699517030845943,-0.5796978241142059,-1.3420545482079342
65,8.099297264748998,0.9561115886276313,-3.051249696235102
66,-7.818581518340803,-3.496928462714638,2.5449383293559245
67,2.3349562907992953,-12.270417064681794,5.902011945950259
68,2.949936556725562,-8.894990158778397,-8.766353159645808
69,-2.001522486096881,6.623013504562201,6.85851436856443
70,-3.705709454037205,-6.439785447498902,11.246981049284287
71,-6.343614029613863,2.043918388033402,5.155043530025827
72,-1.1358720041331107,-10.313223860109966,-9.147950633235814
73,1.7987290393611914,0.6045768271352817,10.56469229096346
74,-12.77417657336515,-6.480467750345139,11.170097146724972
75,-2.3195049228298177,-9.116061056883272,-1.2687062766334194
76,3.035252368089183,1.7003170395899028,5.685742274891087
77,4.395379185022662,-4.502493450398221,-3.5919041447777467
78,8.220390790395134,-6.8374293950073906,-1.795213555186922
79,12.222922916294587,6.783156903142256,4.579758109763988
80,-2.3094178321493466,-8.514879202137088,-6.490506908431801
81,4.759692853630682,4.430212355904554,5.46063186013717
82,5.26390797415387,-0.34990408889245145,1.0887701001076213
83,4.6432287974131325,2.1031378323540735,-13.295569102309909
84,-8.394920168780668,-5.86932053955641,-0.2411222782615734
85,7.1327276614016135,-0.55257029552787,-8.518877037739646
86,8.969632524859984,-3.448803174474193,8.901591292968002
87,2.2036664366752903,3.256295381174265,3.915745287600737
88,-5.49881739934086,-10.816559752590182,-5.015089066861792
89,2.357684354002593,1.5848515743655234,1.8987450836089639
90,-6.235681507795097,0.3906037047110706,-2.420557852378997
91,-0.7061849128760352,4.4237711102966015,-1.672390803537829
92,6.283468928415499,-6.622122407334992,-2.935787259305143
93,7.914067423767575,-11.22790625587162,13.33746892022362
94,8.104259954839527,1.4581761631445727,5.722391241466328
95,-1.5443868939879255,-4.084656477051786,-3.152187015557183
96,-16.79149057701825,5.980140391936202,-0.2856463937241812
97,4.113245498044831,-5.1348626334304,-0.04976782675960029
98,8.411366997342503,2.8730861193412744,-4.8541341446132416
99,-10.52990322878286,0.6414305866243085,5.600897813278812
100,13.076955245298716,9.715770082988849,-6.249017428299863
101,-3.4718674586717078,-0.48045159362626005,-6.570218257936955
102,6.896516314496829,-13.41995017171505,1.6701269503059508
103,7.913660409396784,11.126700482760496,2.042630861387512
104,2.4790436211834828,-3.9824202098305177,0.823138684478845
105,-0.09954168442464054,-6.120701334535588,-1.7478789078383767
106,6.806774593168795,-0.9986036634762262,2.621113162128
107,8.626201910208035,4.701028365397252,-10.549409474555361
108,6.836508541572201,-4.687316046654101,13.133713993017142
109,11.84108120036631,7.76690019075314,-7.363133193740664
110,-0.7111984130487817,-13.633414860320292,2.417332413106149
111,0.889000257477279,6.349694553152435,-8.128771985661704
112,-2.57271285762346,-1.153385913203251,3.309678609503743
113,-6.329731711163136,-3.6488977602449837,4.31401424030279
114,10.729368502552592,7.559117401580145,-4.10573841608607
115,-0.8230640021849374,-4.7358667338817195,-3.7800410952774195
116,-1.7127023723668433,-12.695142737961048,0.6590617296183703
117,18.610475493066318,5.685861645745648,10.002061024618563
118,2.7966426606068646,1.4867361705710174,7.642202504935508
119,-3.838203468673645,12.64585649948755,1.8509961483181248
120,-8.997225643500935,9.552546691300257,11.014508561089286
121,-6.043861297115736,-2.1978439577194298,1.3163678949452828
122,5.137773801894017,-10.832118122341305,-6.99392142076012
123,7.64013650726351,-0.8964160812977361,4.793540639857391
124,-9.104475813242024,-6.049038371578425,-2.640374738081719
125,-7.715855423130726,-13.23710796938533,9.033504309396278
126,-7.284165078983728,5.608161720816085,-0.7740694510572529
127,-6.256561158492475,5.638612543003686,0.7840749385903621
128,-5.5259292754733105,2.093127435309529,4.902109368898627
129,3.3959095683706635,2.2026739560225534,-10.039579828757102
130,2.5445396816782075,-5.460264543414426,1.1740390431294165
131,13.920425120407637,-15.145427922927798,-9.17799360834289
132,-3.235036752129837,-11.04783287291154,-3.2502322663920036
133,11.550216603950528,-4.453444128982941,-5.8602674952911755
134,-2.5991933640756204,-8.110667921169387,5.175587427262984
135,-14.430301078030972,-2.6037467429764436,3.0242145708278807
136,-3.933988422087852,-6.340943230914044,4.004670794547333
137,-2.879983772160353,-1.5487577367635215,-12.545932784080978
138,-6.800720916136027,-3.985687686377948,-4.691675473075588
139,-2.2787126134612814,-1.541877289789231,-14.600965504536468
140,-8.108866063195615,-1.3433728072138247,2.246529583802237
141,-2.791096567857116,-4.508640960913169,5.519110271120376
142,-7.600703805778215,6.036744199669596,-5.391852135598345
143,-7.283176974933596,-9.586245885738615,-3.2453498962695555
144,18.404138100740706,11.380015082119344,-8.135519409956359
145,11.402767037197744,0.1833132712851964,-21.93200423401083
146,3.922359710942299,-0.19854131316242887,-8.579031636908407
147,8.08443427564569,1.670481667771575,-7.273138161747988
148,6.647018388747872,0.8315685469560251,5.466021021121091
149,-1.0151387556606404,-10.493961959911227,-7.892124767643185
150,10.40152377472814,-4.634913082760919,-0.8043701079537562
151,7.237027916062337,8.209788245083935,15.486937196063389
152,-12.673798863420544,6.677266871517585,-5.358272050600266
153,-10.625350239582938,-7.638718229529727,-11.750003414482778
154,-6.909807543977561,13.403523945756888,-6.265302397425285
155,2.6515797831387378,6.89720872716087,3.716885381072138
156,-15.168083002926158,-2.3442101989278266,2.6974473590931143
157,3.9622471941279485,6.438450692260643,-8.77117928342287
158,6.352477825301938,0.4874296204871186,-5.581371901007937
159,-5.27799364237945,-9.558485497630945,-3.785071301627984
160,10.445461253158276,10.857543436107337,8.63580651600367
161,3.931964170146896,10.418983311859131,-3.14584349859378
162,-4.975857829523457,-10.996979132301865,13.982318710157195
163,7.145199595075892,4.639398400095827,-5.590435786764904
164,-1.717822919213995,15.221209565079395,-3.673663409453096
165,-0.8251545732631765,-0.7637880632208125,15.897093175660137
166,-3.248094707633903,-6.998345480002245,13.157490184765242
167,-9.01357688092001,-16.763856535250646,11.336592866841032
168,-3.0017686378830155,1.8468279641825487,-2.1647645482396025
169,3.9014636721778917,1.2437319353665992,-0.00975849094156962
170,-7.573791494340336,-0.5766048557590656,1.8101292422093693
171,9.09562683891528,8.47557365376611,-0.37616571199304316
172,-12.338558823000103,1.57959562237878,11.477729767680506
173,-6.5519109085479545,-3.791771732497661,4.5821653708422065
174,-16.05091939559145,-3.0775829023332424,-7.613474939229236
175,0.04880669530902346,6.1224842335146,-10.866289364817918
176,-7.909067354982843,-2.057916615985448,-0.523848557101107
177,1.2246425099843428,-1.4145102010989714,9.961092813245278
178,7.623810229418856,8.135776169733893,7.769694849417515
179,1.314327895923056,-8.242324393521002,1.7844980665193733
180,-8.783079449188222,0.18862360192750005,-5.376171992475815
181,-2.2707979643539358,-2.971845943964184,0.19451972343724044
182,-0.8099384296340536,-5.550924354667465,6.448368665914951
183,-5.92960000018762,-1.299146628524941,-3.497791950698233
184,1.7250919245068306,-7.454476921256088,0.5300322081797535
185,-2.7050585499923963,-2.979233198841172,3.3509727246475567
186,-4.119093018444699,-3.792991113185285,-14.030038286734921
187,-2.214116487536007,-1.910344803001659,-1.0089440644912828
188,4.690315210730312,-9.63331237959584,-4.411773462384333
189,0.06222229888488782,6.1615048832526975,3.1923947057849658
190,-9.05285857565692,5.942671229845268,7.32025047142992
191,12.834242381097733,-7.367758816149837,-4.212205975330206
192,-1.9183419538786157,-1.348462123995776,0.8854366954673242
193,3.144657100156484,-3.4296958213248416,5.0182726085237315
194,4.408654230817692,-10.754734205443642,0.5554748676027671
195,-5.847346131053644,3.3781176377803797,2.4932255533637973
196,2.2765524811145044,7.232777246224836,2.6304842964048123
197,-2.202595199418975,-16.65773389559518,6.265716180241231
198,2.554257305763755,2.1486145503927676,-17.899423289699108
199,-0.21967404812143781,-3.2631192086723266,-2.6670193689475603
200,-0.06907354227262372,8.01125955866411,-3.618958362861432
201,16.245879183007723,10.791528488880706,4.241145891662125
202,-6.582765560372373,4.73437713518577,-3.7677614969577293
203,-4.2511376699805705,-5.350466139814314,-5.522660895551702
204,-5.202552413829187,-3.466802452644174,10.30318414361426
205,12.159897213973188,1.2228634350461256,-5.5333900889242065
206,-8.005390649989073,-4.45682251402458,9.655376450253126
207,2.6029325080853067,10.534941701851029,7.68078410327966
208,-5.176643687384773,-2.212263956794159,5.154907374491631
209,-4.305023390038851,12.255766754028878,-13.980874572780454
210,-8.987907942031333,2.557160273400977,9.71050966918631
211,-5.004176385567787,6.57394260636565,0.4595523752329072
212,-1.8221240642248513,-6.553347208934809,-3.160499623070879
213,10.235813795479716,9.446258845183252,-1.936683783592793
214,-1.3763179809055233,-0.19477204819244184,-8.343183412519714
215,3.7975911509010936,-5.046540003580694,-5.102330693831166
216,-15.168779751475567,10.874093658143803,12.278824663178964
217,7.933923808008754,12.160643761653994,6.341099048445221
218,-3.499136679099134,2.1927779755252184,5.392125438385846
219,-9.900197623387989,5.4511791435778525,-1.3519029857573566
220,-7.285412878083348,-6.731203072436064,-4.232584038431014
221,2.638506797986783,-6.867970756219069,-1.7955957525431934
222,3.6969236589030197,-6.228109922820575,7.884942227665835
223,-13.19730831514076,-0.9483656595899743,-5.673664251171457
224,0.5659525764533572,3.268969063576875,19.59098882943412
225,3.677901167073848,12.086215050938165,9.199089009619996
226,5.80190839857894,-5.223928364117969,-10.532343491616793
227,7.279929960359512,0.30581568330118736,15.922085325887736
228,-8.61825788636193,0.6411671718481975,-10.131451642123258
229,-4.088953058756711,-1.5251821995527137,-5.669339348864896
230,-0.12164922522610463,-12.69873724664839,-1.3144053334395243
231,5.2724682519725325,-5.693519781007545,-7.789331267632126
232,-5.492128698764358,-4.312224866119365,7.46005189933938
233,-10.01316136622557,4.991980165629951,-1.57335754922841
234,-1.3267314296406176,-3.0271048749725455,-4.6208499190389025
235,-8.074911709313781,4.840462737473552,6.428941153715736
236,3.96025268157526,-10.490639594506465,2.4286496803122897
237,1.8880224381967505,2.803372072947226,-12.5886879148296
238,4.862411037037209,-5.360212762437105,-8.729165705204059
239,-1.2556322562511166,-1.1642180881384454,8.34439292220596
240,-0.694843502339969,-2.8040284911895967,-3.789284694332188
241,-1.798642853704685,-1.0384724239344598,-1.5403618364804863
242,-1.5468257688747966,-2.6671276873944456,-2.040378665799104
243,8.662925820409074,6.18567645409738,7.763377926454501
244,-1.1996719558649966,-14.021699840651504,-6.278506953573552
245,-5.121065408452393,0.5632652380458681,9.771591463717913
246,-7.573138311585223,10.102823618984939,-0.8941773254213802
247,-15.121354390530021,13.824821640819241,-7.375128204014308
248,-2.961843066590172,0.1700893512581733,5.118452598800135
249,-3.9637189201884335,1.546572509125187,-5.819486610286186
250,3.468985017157424,-15.635564855976858,-1.6715192446551865
251,1.969973903210873,-3.92468652465374,-4.993479567233856
252,-3.808269715662432,8.5960186150541,-11.589689033091972
253,-12.999596906474178,14.850684110159722,-5.907143485360585
254,11.140293364336271,0.530565006811546,2.12453755885799
255,0.7407268842035103,3.552324232051147,-0.8433999037858025
256,-10.617061783249957,6.223349376550248,-1.9870366443670682
257,-11.437027344023878,-1.1228688514771656,-7.3694926342610705
258,3.257302632709639,0.8737517382876275,9.883312837272982
259,-5.967799245670077,0.24097744652279038,-3.83485778337652
260,9.000579838416957,7.759438803891977,-2.028046939974594
261,-4.284869788300914,0.6947600337980789,6.926988259251341
262,-8.91822356950131,-9.179224222381654,-8.545946260751993
263,6.7649869650985845,-10.810266819244921,6.154191771173955
264,5.854432052544871,4.4026341338054635,7.927274999224126
265,6.77868266867058,-6.098286524297767,5.133766367889785
266,4.73977617964244,7.40626431782897,-8.37378970348073
267,5.764444008557612,0.27319338318217257,-0.477283777065292
268,-3.917995927695931,-3.7732381268580895,11.233574816180958
269,1.6833203052117347,5.994375187409624,-1.0102259263828786
270,-9.94992557684601,-0.2110258804771131,8.79403904447918
271,-0.14864515985629048,9.459954768106936,-0.6076030868456027
272,-21.078191866083134,-9.179553021625361,-2.8958887356462597
273,-4.932338164342992,-4.657127922136171,-5.7782496873152605
274,-11.050877070825576,7.042135358373007,-8.640381433720313
275,-2.0871757412282514,8.982992622231277,2.5978000262730987
276,9.267964410991416,13.911306697570625,-7.172057378583885
277,0.6010152430677571,8.676739364101746,2.9833792360373668
278,-7.311764056054144,2.0046361654233915,-5.781614527370961
279,-3.2187021793435058,-7.323769909883626,4.366545581123424
280,1.1172672026008714,-4.488813154825588,-7.692331394071229
281,2.579741342634052,-2.0319948944585313,-4.481795785993783
282,8.50415980133356,-12.124457735583055,1.1252584906827878
283,8.195992057283364,-6.3475824830973036,-0.7407282451811698
284,-5.1775653350368245,7.670077759385126,-11.216890154981959
285,11.385424081370079,4.232782010556239,-0.05373313037932447
286,-4.28168926777681,-3.0119932009452857,-1.5253253298934006
287,3.0847981932709168,0.2113862898017114,5.923340135950462
288,3.1256653909099796,-13.614125306151587,-7.7070842987011785
289,-7.97186233050229,-0.38102336157997363,6.674921346381755
290,-4.634980862220112,4.3304161891758755,-0.6902117729869955
291,1.6428746235567024,3.90742004509617,3.8866211675255564
292,12.051881433559911,-10.262237347736352,-5.043511171655275
293,-2.633889044244199,10.53042415423735,-5.693056591302084
294,-8.3820423091265,6.381149262212516,2.810290619617049
295,-14.288839180402453,-9.18329657447334,14.654275172911277
296,10.903343195028159,-1.3320225752287849,-11.397835558673115
297,-9.132170478767907,-12.934897873980189,3.41772131223468
298,3.3780520282658326,-5.57608654614241,1.9152258758810674
299,-2.8867439916685544,-23.74638966537316,1.2111809093986041
300,-14.147553578013909,-14.86106348244521,3.6717655375471057
301,17.29845871564065,1.7525503736205312,6.047593225998333
302,-10.270203610613397,-10.805005579021294,7.178837609507506
303,-5.947194386397699,12.011237117778395,-9.481550781384424
304,8.424311133582856,0.23124725227213686,-16.05999222277208
305,4.770903252287725,3.5787828465019373,6.124814296606414
306,20.98355169806476,-7.242209848330648,4.16424032032906
307,-0.929537110430345,-3.2302012133929603,14.975058655062627
308,-5.992117577144795,-1.366391287236573,-8.689609525830283
309,-6.255481081761326,-7.613002136488466,-2.4839057507094844
310,-5.083160040936327,0.026853844484285308,-7.040682692874726
311,3.841497209535147,3.0046620615643884,10.650160425951427
312,0.5608189903810274,12.225278107198788,1.3384118079405587
313,-7.267569196244651,-1.612804261794364,-8.823765111670513
314,-0.17035073853664928,2.6425125782144714,4.967213165705209
315,3.0887540060627763,-6.2173514324968355,-9.08003565586142
316,10.334331439012534,2.408102105069449,5.441672991771572
317,8.530630192095296,1.3018377971421737,2.117838110179943
318,-9.17895242117559,0.0050067741082137065,-6.536668679405374
319,6.4323685229537215,18.461376162261832,6.9468202232911
320,-11.759083561671863,-2.3779663159449647,7.572214442528251
321,-5.519821698002128,5.144538700799692,-6.9099020303947665
322,6.553775161371558,-1.9209295355015712,3.8229334482437975
323,13.698059556610913,-4.6521510015747385,6.552542165893965
324,13.517974191511938,-1.7224318315708533,2.5031392356014983
325,1.319999859837421,-3.9048169770488688,1.2940070053757342
326,-21.07090599588817,-13.28093076385114,2.4128569054429465
327,-8.464127111115205,-3.0868957847347787,-19.474427421224824
328,-18.294281806636114,6.659169429357102,-8.51264456534332
329,9.168042327196133,-4.297954764688309,5.536153444371356
330,0.4407224104121615,2.831013018697424,-1.6658283577125033
331,5.908750225107787,13.928558211563505,13.731676591714512
332,8.42878306714755,-3.0136238960314037,6.6965578935261965
333,-2.117018371895461,6.859754422571723,10.102510277383908
334,1.6544140271896028,3.843654863769312,9.149812554108454
335,8.978954064132596,-4.741367258780502,-15.136498717543446
336,14.706740741911164,-6.237233768799622,7.610451558163467
337,-7.983915864382783,-9.571835015930876,-9.68595956093392
338,-4.650411962845075,8.281225933390264,16.02131325044039
339,3.179920635021122,4.3099215326242195,-5.439119032567779
340,-5.935860932346833,0.46214171904054235,-1.4618126563404625
341,0.04467739993961912,11.200806614021088,-13.518654257453495
342,8.819986215437384,7.0905022515753835,-9.40878724355377
343,-0.7375720407386309,5.241906852254047,9.796534321160626
344,3.7494908164530854,-1.0709335141368226,1.2063874203231577
345,-0.39315301807041436,-5.393916919229437,1.0012050580483507
346,-4.031532705385343,6.321233163464998,3.049293415097324
347,-1.0867221479320919,6.552685456442981,5.211133742349952
348,0.09739632716611771,-13.036438117313054,9.418510106913809
349,-7.632857062479523,-5.426607223367462,2.3253488982831594
350,2.2825700939266667,-8.87255249518339,-4.806579587313857
351,-9.31281950176522,-9.42967690880345,1.516588037527421
352,9.466508869970745,0.4987677955022096,6.019273727640326
353,-14.117348202371902,1.5755448345719383,8.37555734708743
354,0.4834371921779906,1.867733919431556,4.651621134536825
355,2.110052379368055,7.5461762565595345,-5.499460147147137
356,-2.581260765361332,-13.078205952530313,1.378049621917203
357,5.292035298055429,13.322176109118882,-9.487396741871386
358,-6.52922580379837,3.429890094361453,3.4504902212715396
359,4.216995290852399,6.674264522363573,-11.080077623368007
360,-12.423048140949446,0.9686220073497768,0.5576349182302495
361,-4.087599069262114,8.029534224897146,2.202039810994999
362,5.245999428237119,-11.86890234194416,2.1289896705086218
363,-1.9671835517366958,0.10508383219345326,0.7395458776740207
364,-4.933587994605046,15.903698063890861,-3.9725829338224523
365,6.968188039523136,11.260804760369625,-6.745506423831953
366,6.630526961439852,-1.385516466997935,1.9826956160578453
367,8.318326816006044,-3.340148535198106,5.508401730659569
368,1.248266028485663,8.759062617541328,-5.574987512272132
369,2.920177860327903,-4.663601935420345,-1.5281724661381295
370,-6.086335945463485,3.716857985660304,-0.8966696690871206
371,-3.754887115548413,0.581226952854119,-11.166026621675341
372,1.499287188607915,1.6724702128556022,10.062843776325256
373,-7.964199222271406,12.60827927782432,7.378596907214702
374,-4.614219536193622,0.057122531941064175,-4.9358803137200375
375,3.5084173781424957,-6.194477419153781,-3.7308451053329
376,6.06028013086822,0.10123259438495237,1.6324629906987695
377,-5.302898528824983,-2.0068840699106216,1.6393092392474575
378,3.356241639356811,-10.959478297999325,2.877978970850349
379,-5.904252067967586,-12.746571701279233,4.133368635866208
380,-0.5159809992263625,-6.88575788705742,-9.204549561977359
381,-4.192298973257083,5.721370210163494,-0.5989611391998434
382,12.37264128014685,10.089941937755075,4.042843126821848
383,-6.3364014708389504,3.4953516831757714,-9.31721219394704
384,-2.892846722388218,-13.135214731521945,0.8021287446234361
385,9.60951250852261,-4.03138333660004,11.80610464611062
386,4.5176317640261034,10.031771481733642,9.009552248692247
387,-0.4736369916858842,-12.70901664818938,-10.378070810748696
388,5.224461642387965,-18.08774990627546,-0.0447702148158968
389,-6.825419713931234,-11.059058302612012,-18.15316188778516
390,7.236026486671618,5.45834241521643,-0.04310198509693774
391,-15.334768547382875,7.818809425775904,-4.002176418582338
392,4.710316130535394,5.939083011815485,-13.209363064322984
393,-3.601022744964442,2.6583065416101825,3.7778056710214356
394,-5.629858685164274,2.2258751753549992,9.259217204782106
395,-0.5701514974528165,13.877865859740435,-5.495047774349293
396,5.358358636471569,4.811731035303862,4.675653187256895
397,1.6997382355472122,-3.592018360433163,-2.678129001972817
398,-4.089556295050915,8.188109855183521,1.6744291687262944
399,-16.057195592431935,8.964598977014461,-0.6481453432663485
400,-1.6202353905956537,-10.314677330192296,-5.7172356130377
401,0.01951750345283699,-1.599602228204515,-3.9702568009289867
402,2.7452495406124284,4.734126312321737,0.4612592383989542
403,-0.243354562461173,0.37156583343486405,-2.2330811788782357
404,2.324306086980271,-8.082755059667438,-12.354375878623678
405,-6.219311385082399,-13.749108114543038,12.827975986236948
406,-5.823395353612259,-6.535663252070231,0.942077643241838
407,-8.18665890870919,3.842475611232084,-1.5447946045995162
408,4.2688296113253,10.239949440434241,4.894635905542818
409,3.5468353472083356,1.3577551251383493,6.698301068092344
410,-7.485921988840869,1.959879292746686,-1.897786689760973
411,0.476593024507093,-1.4700017100265517,7.021590941213797
412,0.07294303845402071,-14.028310544978243,-15.499777962240891
413,-12.129953655994283,-2.157975302922343,3.9237520170689217
414,-1.115113804448489,5.835098100154173,-6.23655892109902
415,12.089953239392814,-5.565418711610734,7.453238710412183
416,1.4127463208808866,-1.9684172696212257,-10.65233264194947
417,-0.2572731562690086,-2.7553134193238704,-0.37764189653688035
418,-9.534226846977324,-0.1298677155918229,4.151372230187261
419,0.5763901011160273,-13.991537085301607,-10.819243019094586
420,7.848857135310541,-2.742595849661921,2.336446374998181
421,1.1929352557023167,-3.531943119860768,-4.7146145444144745
422,23.85749926609971,-2.753632283012819,-9.294631682601095
423,-9.164888087080108,-16.586256128181788,1.6261685131432524
424,-1.4795068866808008,3.0432822151949313,-8.925764488156007
425,-0.4933068975542798,-1.2422396456712572,-0.3591116332474381
426,-3.0023360900530034,-8.702745752417524,-10.388921264338867
427,-3.1527177179054835,-4.159043686212618,-7.605633390408551
428,0.027728310671977407,20.189880866454622,-0.8609786446270018
429,0.5272467516460471,-8.839495866952156,2.374207232738413
430,-5.3045308740564225,-6.40345964228759,-3.6151418901875076
431,14.350930784392133,-0.006959265396652552,6.300842138824397
432,-0.1978694947100801,-5.462195005740891,1.7260660228794413
433,-2.7511128914151213,9.557437825757281,0.18051335281583908
434,-6.726748362740937,14.363481987591031,-2.801131450559096
435,0.4244494046541353,5.227535968120002,3.325989615133027
436,6.249383280338859,2.9553101123613246,6.263764676958159
437,-0.4356823382208702,-3.65631529745725,-6.517944198639076
438,2.091215055315441,12.42456106407617,-6.8764949492970535
439,-7.952677287217174,-6.8681051193110845,-6.695708314853584
440,2.8896172058272986,-1.8208313653084491,3.619088321548044
441,3.641166515281274,-5.85490202984104,1.9301675414714778
442,-2.4740987074308642,0.47831262323303647,3.6073551661986185
443,-2.2009348640410415,-0.31634508715704107,5.258760435784217
444,-1.6660251080726969,-0.8761613368048291,-11.478144147453483
445,7.556991497041029,-3.9164471555892186,-10.552951094347486
446,9.231179848578016,-2.7501785590737056,-1.8829877564985227
447,5.180849138257725,1.9776425057209728,-6.0865315690761905
448,-16.723527698163615,1.0213719436009006,6.719144208261823
449,-11.046682541502546,0.2103178050324456,0.636253730962915
450,5.155969734052592,3.2362498322035185,-6.272547475725023
451,-2.2395661033185994,7.611220910707043,-10.229648669907853
452,2.361390525150847,3.7363867301800155,1.9775138261724796
453,7.539747515278009,-7.843684236295121,-1.7282470274375494
454,1.533960975566021,1.7327531562818932,-9.328388396164973
455,2.8548592385123626,1.0198367322151018,1.4770996180495974
456,11.259612369137,-13.552119443240947,3.353826719512891
457,21.42411119676882,8.009529341630559,8.81542827371232
458,14.12052757660469,-4.1749812313527235,-7.536700573664893
459,6.051862946216206,3.6901747259310422,2.8324312140721544
460,-3.4030774664703687,-7.81462832620215,-6.190543389867824
461,-0.9251385922982087,-9.895764562461428,1.8627623290824165
462,-4.070237206314308,7.525266944424878,-9.856911558108566
463,-9.427875741125227,0.8698744970227573,-13.772124588558428
464,-6.518667047635926,-6.451072723285653,6.090495699942378
465,-3.8689581596584173,4.807527052353815,7.474766502793289
466,9.16257232565009,-10.113899135503182,-12.71114341583346
467,2.7650784496411047,-2.583075203332637,-1.4531644604771454
468,3.0013236079923415,-0.7793799449747724,0.2990164446177758
469,-7.400962797117834,-10.208010063741252,-3.7010469528595498
470,-2.064372454130329,-4.067220879311575,4.184710263439046
471,-0.4925366124447737,7.488221248676743,3.7053141159779712
472,-8.691330092535805,-9.290243230595278,-2.977457392452053
473,-10.43248515958768,-0.49403540885719405,-0.7104583528069154
474,2.842537471425917,-0.8278664168594965,2.3780297800894714
475,2.3252097026922076,-1.3586209139703467,-0.2106533189250077
476,-7.613271782295214,-10.3085702733745,-3.0890294222002135
477,11.266918323252515,11.65094506180228,-0.39343814681608874
478,8.000282158608092,5.069665936902835,-4.924290224420093
479,4.671424388744151,0.8235343533988541,7.971569692019776
480,-5.077654017457961,13.722405159268241,13.010091632794639
481,3.184550665108301,6.230588549434027,-0.1997034368990761
482,0.09010747168341393,6.0019536563775695,-9.30507737152612
483,6.044178509574517,0.37377642377580894,5.4351369292753455
484,-2.3178673041257496,-5.347160681724841,3.208195658823035
485,3.360097910306743,7.97028680175307,2.6638472357458927
486,0.44605404093252643,-7.586112870103231,-2.0790689406270406
487,0.7671925038547511,13.836868701474373,-7.1440910172977965
488,2.0575176785391105,-0.473718510392184,-7.957524284573107
489,3.6365341126260757,3.6086513227013577,-4.775776021389156
490,8.130882951169273,-4.373169002528195,2.691826124640148
491,-4.780315930813675,11.574455306994663,-12.129040013067097
492,-4.263678858050241,5.7044558316836085,-1.5279737499737422
493,7.225572493669484,2.03111205695393,-7.428165960103012
494,-4.275957651955224,5.103914057393857,-5.485704227192471
495,8.334612470976516,8.20236217785523,4.170273762747569
496,-10.415976161813244,-2.023369891701782,-0.19569494543249782
497,-11.990130513189264,-18.61821715858219,-9.2851262515993
498,-2.4104991846869472,-8.096772916352053,-8.840517250919712
499,-4.041808300702441,4.867730127775845,-3.8099615089646357
500,-2.9917519811232722,5.383555095680648,-4.271377567501267
501,0.7708508820339207,-5.621159877873803,9.713775678407101
502,-3.822750783476514,-0.22971899286182856,5.993587015081416
503,-9.50142683849173,3.8709085855572805,12.08199260565235
504,-4.451862080601862,-1.4633043970294655,-3.1749679316061616
505,10.095235156103223,1.6430136191865383,2.3207527167119117
506,4.109811143450883,2.5075125579946915,4.142973845052862
507,-14.531173746697089,5.920458432545005,-5.772588295894418
508,-1.0695043718850754,-3.988118822303529,2.6318756891246644
509,-1.105750491702343,0.0356385043934134,-6.801602440606075
510,1.9346958706486297,-0.4034853761536102,-1.7580642604861472
511,-0.7164809954489616,17.189428457291193,2.137483793226602
512,7.879090479047883,-0.036608574894732245,-9.258126161161956
513,1.0883253684328988,-1.1077495037279939,-2.1959198094279953
514,5.946982552113148,-1.6918743201692148,1.275877061338087
515,-7.316980712367483,-6.627832149310213,0.7956514390345292
516,10.034754589204665,-0.49530819102095297,4.824833662887703
517,3.2091419806432544,-2.455776003848197,-4.290672331368854
518,-10.00445387875291,0.9968774440406715,-1.2797649222113552
519,-3.1132568387458424,7.673006542885609,5.339389627697501
520,13.215862815736493,-0.09697600209804877,-9.269726438365888
521,1.8982507433682012,-0.19689879486541695,4.12226849545739
522,7.972391099509198,3.799966341290551,7.463989266124044
523,-7.1874822584946525,-1.901915736998151,6.784437977993293
524,6.684615809731444,-0.22010020276976391,5.1748044807055065
525,4.459703440587292,-0.9161032834207437,-2.5636903644350166
526,12.091089476972087,0.2945427155934049,-2.6733299854100374
527,-6.98023205839294,-0.07011242494991904,5.5196249501553645
528,-9.128807265327229,-11.917505194921025,-10.188900092344872
529,-8.487073114061344,14.231920419346926,-3.2975820773710507
530,11.256235806418253,-8.836279475281394,8.0945913793979
531,-6.363529275588815,4.701169822632515,5.551811148980913
532,12.600076608212765,-8.459831069870818,-7.995377206896999
533,2.320742131120124,-7.601217615634846,-14.063075411300693
534,-10.601420169430218,5.776441991465378,-1.337192253221495
535,-2.1298265869154727,14.681092764189948,5.789474420832063
536,-6.228554211426004,-3.2290773609885797,-9.105118160004627
537,4.355441707079427,-4.147341796439598,10.359074852390538
538,-1.6077131735719965,-8.409247369832068,5.164813463234142
539,-3.9405624584813386,3.414247714546177,-0.6857327122344392
540,-9.365417212840294,2.4282996869252633,-2.421370811564219
541,-3.342635345900369,-2.7879049251878607,-3.9380519703754984
542,-6.699086224886232,-8.778694311367218,5.5282045503198205
543,-8.240108096113916,0.6139993071551132,3.442502913607232
544,-5.509893300952777,6.809195510720909,-1.3730141240217253
545,-2.831531847206615,5.806966330173447,2.8375236795647356
546,-12.831002269528192,-1.7734070856895532,-5.240923752960794
547,-3.354486716039841,1.6912700984071358,15.744699687717038
548,0.1343076262821127,7.59058782008153,5.67250354192771
549,-8.181476311564333,-3.4385683548097354,1.3295714815797244
550,3.79075994018519,-13.6336581330831,-1.3409991868494522
551,4.200703249314931,6.226367959742585,5.899862617363375
552,-1.6381304142479691,3.928250548295418,-14.659840572518176
553,9.985061596198143,-2.5131499475382033,-13.892894035948231
554,-4.222053293818775,-5.274940434226894,-0.03646024157380971
555,2.3805769242175425,-12.79762688927664,-4.898519274381527
556,7.993193558221897,-7.269507181759325,9.692356475613526
557,9.070600045086358,6.800925097250734,-6.870003356351938
558,0.8324638892353291,-10.477682779123116,-5.241010019128981
559,14.61947748688645,0.566947570005834,3.954958421147325
560,2.8882842867599305,1.2956139310692032,-7.56349978740019
561,5.108564108705084,-15.374427984491305,9.053129983517502
562,1.4913550053325848,7.448448822013048,2.149550547352056
563,-13.474875488735574,-0.4620802833011946,0.5078450396376191
564,-3.2879696312080307,1.8059486559678952,-7.652175472566319
565,-5.395459804539982,-7.000313589404729,0.96323312238247
566,2.0208908024114467,12.176652468915998,-1.453511345064495
567,4.098902134543356,3.373679838789605,-6.666382956651672
568,-9.907063504935287,-9.360334821680397,-3.629327048257011
569,4.042118852024568,1.831925660053696,3.438200420961122
570,3.064879564647702,7.900404065812472,1.128465219684236
571,-15.738977439875928,-2.3645233429090773,-4.710843575227733
572,4.805928538026361,-4.403331489502297,-1.1451420319560044
573,-4.039090406449666,2.4798700342739712,12.770178325360133
574,8.249114452279118,5.527100009674268,-10.914372811889962
575,8.211327048381447,-8.780109403951986,-1.0003511962606437
576,3.15912772161779,0.09813391542502174,14.511784586849602
577,2.4673391991321685,-1.9800752616702624,-0.664818733164843
578,-2.35219877506922,-5.39734176361895,8.015448836989277
579,-9.870137898948439,-13.004542161715618,-0.7468642715929642
580,-9.348549091971385,1.5820036541558966,-0.6401728884361315
581,10.599383985222529,-4.564521613133583,11.312982310058596
582,7.230525778508556,3.439832310722074,-2.611552495876049
583,-5.177304515379607,2.321812870762996,0.39952825823485627
584,-3.668065584184895,2.988892181980127,-8.267152447218518
585,8.151494316199248,10.703615624566025,7.241651364849114
586,4.8574534063232155,1.6496444953515628,-11.377588809759041
587,8.18675551575203,0.37938708702245777,1.754676955463713
588,4.476027120456375,2.9193717159452737,7.70271389797341
589,-7.23774829160264,-4.680863436896638,9.732604146749527
590,10.926210062289016,2.3746441977278425,0.09139355595049115
591,0.5125069978014208,8.015190381658192,-2.541443452898871
592,-1.8409516703144404,-10.270401177778309,-9.311224208005779
593,1.6692335995876595,-1.0437335013554143,0.2632587067931307
594,2.550980500429446,-0.9294837186874982,-0.5695208785472079
595,7.919046971899615,-8.216067598212927,-0.9958208618741446
596,-3.8844876200618934,-1.6132726437711982,-1.9661470206809273
597,1.1225007674029124,9.13532284546226,6.363474747495152
598,2.857063297567317,-2.711541126253868,2.0279573870209893
599,-8.295056923451794,-11.78143623235227,-0.004855226515400235
600,10.511067652872095,3.5140557352210657,-9.42956965296077
601,13.014472289416494,6.061205646174775,4.4491508640356106
602,-6.269694426306454,3.1658895307469477,4.359955667363516
603,-5.049464394520281,-6.992810662332161,-4.755237686699815
604,0.47391668827796535,-3.3229419332364376,2.357131382095743
605,-2.095127105222103,-11.165972078931528,-14.440014423732547
606,-2.373599901461649,6.241138886799826,-2.6113554147534033
607,-2.936846661942793,-6.416697619409727,7.734402027765395
608,0.29546839059978325,0.15086209039164705,-6.073128750207584
609,1.9809288138348589,-11.134510521107044,-4.715381711174923
610,2.34620861650873,-10.58252585905775,-6.96006813297223
611,-2.0567026555174537,2.884816516896226,-12.134050471248004
612,6.995613108792391,2.8634012923752925,12.008916988199102
613,5.4451128552586265,-2.7556974342687464,-7.72817102855345
614,8.369915439112168,4.434677628006571,3.9762144512448456
615,10.018906532306792,14.613777429166324,0.2233277593882087
616,-0.5965362996282877,4.547645677231547,-4.367175959690018
617,-0.1596003401381584,4.16605610587352,-2.555311190578366
618,-11.54725217502507,3.734221059234071,-3.373684384334087
619,-1.2021421174641587,0.3879265961244666,-11.471388871433815
620,-5.372630890277703,4.966364276618633,4.943782512235266
621,3.9030405547169926,-4.8425523112693725,9.234431627173873
622,11.434352123120512,10.323317069764833,-0.1355625068045495
623,8.771665955666366,1.7414205943496899,-4.0283848260251505
624,5.216104335241021,10.565057838823133,-3.6237125436839412
625,1.3480888533966127,-3.5222263703759324,-9.114954374380657
626,3.756838208401281,-4.198352591352246,-0.9909460181736129
627,-12.390484627427922,3.8601432766050303,-6.031493642177076
628,5.212179724060294,-4.034720226162938,-0.7491617423453845
629,-7.326281907708602,3.549869128590799,4.466042972402291
630,5.686376394301179,-3.1151901094497694,-2.788317795598616
631,-0.11114545701258041,5.469581346168133,-2.1978118131872977
632,-11.154956670282761,6.019985809426991,-0.6843232260076073
633,7.923256826266403,7.735641755456403,3.9331870996686145
634,9.05814936426693,-5.883347126407748,-6.107234724576766
635,5.678157449091819,-7.93449476749107,-11.626112625427362
636,-8.403728717785004,11.160826942615437,-1.9200624663126362
637,-7.05717899941034,-1.1008249995828834,9.47554486319165
638,8.706782639121345,-2.736273043021519,-3.861367615098854
639,-15.492612338057903,1.8633503748492433,14.582658316048281
640,5.081813723724877,-2.642024812941118,-13.110292298324861
641,-3.3064502223537815,-2.616431010176984,-4.352272858786533
642,3.779259072982037,5.592700913926696,1.5770395975994973
643,-20.452589021365984,7.747815309893961,-2.3573059059098567
644,0.7781434860876829,-5.723019497726254,6.596144017666836
645,4.962443699086737,10.382405506953951,7.324769438683427
646,-6.977451211961111,3.871591380788532,3.1546533321483747
647,-2.0970012962524125,7.985399298003312,3.1630576186262087
648,0.7794292972835227,-11.683735705139048,-14.845175403069602
649,-10.387920330765898,9.3422989833446,2.7221782406157984
650,-7.98871060551444,-13.805602974536189,2.478809958733624
651,10.500126754062165,-13.16502022794444,19.072383177904182
652,-13.063948788983549,-3.118120559922103,7.181388824636871
653,-2.5665846976678592,2.6902842660533888,15.197121612409308
654,5.961396549693395,10.611877985326547,-6.063920204266053
655,9.38527826137267,-3.1205822136207035,15.363223558132349
656,0.27866389677750947,-0.8669189707957725,0.9465770337002434
657,0.10896835147665164,6.644734545575976,-2.4346342402242858
658,13.604086467858968,-2.029711993661305,-9.735402564288941
659,0.6309181763926522,6.714363579889424,-3.346263037573879
660,1.510014061642696,-13.187211431274973,-4.239442615322957
661,6.577658032926721,4.627277684522159,-4.963163826164976
662,4.386379933697772,3.901285948519716,6.1986064665503715
663,-6.685084295267508,-1.4851524574726134,2.0490907633563507
664,-6.1696970114205225,-2.720385134865907,-3.2107264783305145
665,-7.970167852500577,1.334597368897558,0.9044102722516226
666,-1.0091302225134335,-5.465443102174611,-7.025219207043379
667,-0.7450479156925223,-12.60392915662798,-8.624903854680536
668,-8.61077855658789,4.578963579223872,-0.6445910296068251
669,-3.853681827010598,-5.766775262884729,0.7958047378066085
670,-6.423986047008988,4.616356959781202,5.619192256831518
671,-4.220883210462491,2.004449450275929,-0.5126493644930953
672,2.799490735892561,6.308332623390768,-4.85419750947657
673,-2.519444915279878,7.138613811125586,8.816760873006205
674,5.3801733198870565,3.9838708746839253,5.365150061823271
675,-1.9069274542938974,-11.345549490065817,0.30314335192627617
676,13.390454238120203,-1.306630635251126,-1.9130221944044121
677,-2.146328306676293,-7.23831812225459,-11.415948304766593
678,5.684159451018845,18.7683403141951,-1.3151185785040376
679,5.181700319849136,-8.270329870446911,9.421661860606696
680,-7.801734105566227,1.75650701347669,-5.492647435626268
681,-3.2354296374656344,-2.911004406700841,-12.68364160068681
682,-8.239391767008252,3.7773305662522136,12.440331952864764
683,-9.175135209312463,7.615321409312518,3.7689597400227863
684,2.562271352220366,-7.846034800181106,-2.3004902955370183
685,3.4486108427089848,-6.600502254657733,2.6573902300809413
686,13.20619343419012,0.5316282618888765,0.5679837957445284
687,-1.9616790276614389,0.4848486347262708,-8.429785458113642
688,-4.750266245410511,-3.602132498627614,3.059816295930477
689,3.1933547447846324,-4.185322790371848,5.095641179932729
690,9.864732280859158,3.0280498577674924,13.05414947129732
691,4.019812702564918,-2.7323256591291054,2.4278607173460043
692,7.937707754120098,11.691189268249358,7.237918382845564
693,-2.9031955190838112,-13.466313471764888,16.429876101027325
694,-6.490241681368954,10.204143115161086,-5.830946368235947
695,8.961615010759628,8.200949827832908,3.774271369951968
696,-2.592204724105871,4.025832920488242,-3.470046677433752
697,-8.874071099566818,-7.29368549693706,-6.9350849252978675
698,10.444289488572513,11.948903333739679,-8.582534649452915
699,2.967833028075474,-0.13446710572914464,-3.4318996017802705
700,2.067471332818408,2.665299532709763,2.446274337741496
701,-11.51155654375215,-2.943273008879186,5.332786023230778
702,-6.51546885684674,3.5689739762130954,6.137331600113402
703,6.306063657239831,-0.6517985782022611,-9.406849491413512
704,-7.611042183145398,0.6176078400503827,8.831441528616754
705,-9.164281684231176,-3.7896097211926385,1.2629728763346382
706,2.5727264944423696,13.947948531500804,11.285395933021835
707,-8.413708609714071,-6.082419961680474,-7.460919522138397
708,6.168705297521716,3.085111306119554,-0.6803726289274494
709,5.478177417077025,-3.8149041585351173,-3.0706578190214575
710,3.5870404879479003,3.6567714387134593,-9.794351210216444
711,-4.810820140089003,9.474595529987534,9.439723610341602
712,-1.848761497646173,4.2245236904764,8.891717082882264
713,-3.6287748214450337,9.923622637145817,-0.6398081716104179
714,-2.443587368242997,-9.13400819354575,0.3565998709850798
715,-3.5283269921442173,6.038819197513081,4.704391246211657
716,-1.2124461307166965,2.1186601748224048,-6.394437923462446
717,-13.931444838153151,1.741800241160587,1.2460211886918373
718,-5.183060527750084,-16.133143951961138,-6.890836841648784
719,10.1736574417617,1.9178445020354191,-1.1959095605081056
720,4.978522779976272,-7.512510134799404,-4.516553989465302
721,-2.659591361568273,2.340356805273051,-18.968443992959365
722,10.853500462671416,-8.913398466031365,-8.523078198503418
723,-9.163676596370262,-8.522103251520985,-2.68959419087755
724,3.6150833619720024,11.531303540921861,4.253792884379597
725,5.295808392023953,-6.577225465251926,4.666537284243136
726,3.4091990943759414,-0.6536291384928125,18.455711216120687
727,-2.0680534729163367,1.419980059008345,12.89160888379667
728,7.533333472673543,-7.429380182193863,-8.25812897605072
729,-3.2339676773609236,-1.1168047704589814,9.310714348999396
730,1.6351483880731754,-3.7799989756345362,-2.11010329317147
731,-2.8087043966288467,6.587766412553964,-8.337404599979953
732,-10.354551525872743,-19.75982508898037,-6.927831169262497
733,-1.877071742737412,2.726560634927027,-4.216606276658503
734,3.229807512037775,4.095866130253682,-10.340286356933273
735,5.6256620203687095,-9.718428388592152,-0.18017351364804085
736,7.35837347968825,-2.2903455747942747,-3.88367767004116
737,6.914714665869879,-3.2933194174650238,-13.409584472018564
738,4.64812870582949,0.33546892347837165,11.693122731657184
739,-2.213178568541871,10.968856336099897,1.1842804732307308
740,-12.922767428023818,-1.3477481130656386,3.0626611339898364
741,4.54328754999791,-4.3634257897108855,-6.579608711981205
742,-5.0958645732842225,-1.4487940340783505,-0.42719441161899885
743,-11.085029592068764,8.668418284509048,9.75093183467693
744,6.231911783130701,-2.8465123047510237,11.37434964134967
745,16.04553760617577,1.0837970615715422,-7.3853595897209035
746,10.746962898508086,-3.122662903794346,-6.482011329735204
747,-1.4989280232620141,7.735882833778111,4.558712537247519
748,12.054415155367948,2.4758381433367136,9.511916631859826
749,-0.6516193815474293,-9.620330879318526,-6.7394910771372185
750,1.8600336928235057,-5.589910876512845,3.6325213504069978
751,-5.590179122657709,-8.024113271808925,13.603173465195782
752,-0.9274711665902199,-5.270797244953478,-4.121269837116586
753,2.1272296098788823,0.1842373037913088,-6.0359149564423635
754,-1.1990557462568983,-0.18452344168992502,-2.949623323434217
755,-8.266016917782812,-5.655230338802755,-6.663150693215612
756,0.46153990045408494,1.3834158347689178,-4.911270759076424
757,9.742164687653485,8.710873553582555,-5.342204683594724
758,9.297948594158477,11.958018801424467,1.3365169556313117
759,13.326455208149914,2.3565034308442274,10.517719109368326
760,11.411134780935551,-4.5323739846448285,15.221184796927675
761,-4.153220440962571,9.435148633723387,-5.851956033271184
762,4.579698474069272,-1.5550264552771134,-13.357705483151067
763,0.7693876519551679,6.1402982150346075,-1.3906979067973884
764,4.792678910738747,-3.0061486682296414,8.998576870637308
765,-3.012406933597453,-1.6017155030569994,-0.3813614142692007
766,-1.5350494618619186,0.5675528974050223,-0.8632412600971047
767,-0.4214561546810163,5.612511028021124,4.626890649983335
768,5.045860570345546,0.5985241022005251,-4.694030088535137
769,-4.395176389168806,4.153090155069413,2.7709536533279127
770,5.561706130922024,-2.6525243628649053,-1.9571825782993306
771,-4.081100669211775,12.020364952353898,-0.5403021085322991
772,-3.0153528406591925,0.1919260601710863,6.1998851970915405
773,7.545283299947814,5.502027236493139,5.098443958939919
774,-8.204625587976718,-9.120333146565779,4.8307216969831135
775,10.21216186640036,-9.13004345962782,1.5584153685537434
776,8.736123763556698,-1.5780796726721689,-11.850110490050263
777,5.2156713942938815,19.577746589805773,-2.9243926630695225
778,11.12616791377287,2.5156712751358654,-3.097465704980606
779,-19.941135386585152,-6.9467275765509955,-2.42640833688018
780,-7.589989733822375,2.3371134208545197,1.393891146220211
781,10.752678228128364,-1.7056336578013478,0.42038321653863964
782,-7.755346941955499,-11.039657273788011,-3.2097369509598654
783,0.26761161059574456,-3.615012853413345,-4.731432306832491
784,8.088687512620236,1.1969288679507921,0.1417720739511969
785,-2.0808539017624943,5.855136572482521,-7.4847687373495955
786,10.823230246228198,-6.577880510979587,-4.522146994379231
787,5.033927585575624,3.6852480007233486,18.10147056526765
788,-2.2442431411714505,-8.225580784977964,-3.5393609513405173
789,-6.127639173987409,-11.478855298538326,1.2478353602166665
790,1.8335023285470948,-5.733016658046007,-2.5439403357342125
791,-2.6491622474677743,-1.2875150560907112,11.078200561030817
792,6.517714305388025,-1.7593467854857516,3.6190885345418082
793,-7.47308571918587,14.585990102447584,-6.432565734289331
794,7.727165917764027,-2.910071760692045,-2.205856762414148
795,-0.670108817156774,4.224392200787809,11.614119967945443
796,4.447776112229319,-0.013470758884728764,6.295406701980698
797,4.143956979086754,0.30604343543810386,-3.6924342674738178
798,-5.891596105860804,-4.127842240804355,1.7926009059331383
799,-2.917501834838014,0.46147579607682326,6.105092495387355
800,-8.030609911211771,-7.674730431783539,-4.700470864294054
801,-6.715006857327901,3.5603534959297836,2.3643726718095768
802,9.27203579325564,3.1791473458350437,-2.572108929392873
803,-16.955282451574988,-1.2100107219261669,-9.809348157563784
804,-3.91073552677305,-2.6414764817147693,7.796195825432993
805,-4.13187492571687,-10.198752531576153,0.09234968616954346
806,1.7935292457358056,9.653633891011014,3.2513218567491253
807,-6.661101939369009,-0.19590099490191185,-4.650398253933452
808,-6.38791355239129,4.324369239930178,-13.106230379319689
809,-14.648104818198824,-5.397481719422737,3.0919532818904694
810,1.0364843586153825,4.336223740662917,3.7929650439119804
811,-3.0024078570328774,-0.18615540913456166,5.652990279607025
812,-3.5726477919367046,7.019595789585172,7.096189182814812
813,14.357557185899033,11.148452003503598,8.410652965534297
814,4.027900242199535,5.822807381264821,-1.3164654849662463
815,6.62750059097313,-0.9289062865143914,7.599673162029752
816,1.2151425246009493,2.1736226519102186,1.3167468855052327
817,16.99096706911816,-5.89895005549353,7.733172062588354
818,-5.17922610125437,-2.6698854756626713,-0.6819070171478337
819,2.560584400226303,7.387378297791834,7.403187323084119
820,-1.937951970105052,-4.680392880452329,-3.8454576928513933
821,-4.820654496047158,-0.16921220345762236,-10.628450415715712
822,1.100296721765022,-0.11065480381480529,-8.8715982153016
823,-1.4580090157496552,-8.380744130065452,0.7258996362615322
824,-12.49600830258116,3.7468612615673482,-0.7101320913908507
825,-6.496883124561055,4.968127802778128,4.900487448607001
826,2.54628651856214,-10.017617265840654,-16.881057073036907
827,5.999006389644936,3.7396821730923415,-3.2833589771045157
828,-10.31258366982201,-1.4710290858292876,3.871215598912393
829,2.3864754249446514,3.9050460148985353,-8.47257261614221
830,0.9907525925390123,5.235961826879039,10.252619538158392
831,-14.707099984004365,-10.873992506227635,6.859873269854198
832,-8.792325991878224,-6.183791033580853,-15.115219899627945
833,-10.63637836997217,8.552210237390627,8.955920947867352
834,-2.751661497770196,-6.632395121468331,-12.467047546739934
835,-4.250269056420296,0.3001660006297059,-5.907009744910022
836,-0.5766720936168084,2.772268586881615,-2.050636344978194
837,-6.759392104956495,-6.86043563265495,7.8842607408194345
838,-5.956019726969443,6.557602666938403,-0.08121255665238603
839,-2.553499588439965,4.0431795107886925,-9.171810578749659
840,2.467761870491656,1.4215494420642303,-7.225734446061371
841,8.538153371522137,-2.4184973484310466,-5.579939315978483
842,-4.419631780709528,3.3333565602366515,-7.3973594908835505
843,-4.929350869853034,2.0133948271409388,10.200641371756774
844,5.226473057058946,-5.6481412401545,-5.616999337330998
845,-1.5041241678936095,2.947847277028297,-9.49644493675202
846,-8.434504086274945,15.798048987043435,-7.410791848908976
847,6.779990768026858,-9.327758198533243,1.7842442963412075
848,3.140386051014955,-0.5088396004370462,-0.45760296407470724
849,14.08386504475055,-7.9509469870733325,-8.853503732609477
850,4.232288090680729,4.483787806926802,-2.6649401022462484
851,-12.499907073212396,-10.628698697381614,-1.5366152066870689
852,0.226481183780183,-7.417300426437457,-7.593406471033581
853,2.9835093912249913,1.0449444049327863,3.202273107543847
854,-5.2776327632452364,-0.5367145531982785,8.996088636025037
855,-0.06904828500996295,-0.28413376788171324,-9.598263354470498
856,-1.202286543220164,-3.4518642800992643,-2.538701585181671
857,-4.07656961706914,-7.718302861921657,-1.6199469171708218
858,-0.11936785927978637,-4.20488472738121,-2.2681981380578518
859,-0.3669697759950324,6.087160125354149,0.19792096379000007
860,11.828274417757918,-4.949715023502909,10.165052388024527
861,6.249154056230863,0.7853009315391536,1.4400044592646695
862,0.6427625301714021,0.1755799022448334,-5.349304897520464
863,-0.1647134536661418,-1.3180876774800232,-9.081796880891973
864,-3.424027899449099,8.37494627954228,-2.526629808819656
865,3.6008436892318354,12.072409496038487,-7.852998572616584
866,3.597620730798127,-4.1525822827469945,-3.0829163813260885
867,-0.37156176031960714,3.193765659658872,-0.4382534460439258
868,-14.004416293913836,-0.213528281424129,-7.510358205642147
869,0.2722139262742092,-10.772779141405286,0.12200423624411694
870,8.34697319649093,-4.496313864160745,1.098364281839593
871,1.021291693682913,-5.840253614867191,-7.380183722550694
872,-5.146505234448735,3.8653157827481843,-4.0064023086453995
873,5.845104628068383,-1.033859001417316,-1.8486803459810208
874,8.799290963329906,-2.2063829486017106,2.6989656465090333
875,1.1830798558315192,1.9248428189952769,-13.18132217038734
876,3.195100091776698,0.5235874148533229,-4.507049682779195
877,-12.200171111222609,-5.980905224232265,15.61452596077805
878,3.8857195466589642,6.6171666720558,-1.4659567820471127
879,-11.247937653373315,-9.035458686148292,0.3807465912775045
880,2.542376337373761,1.0976928943961282,-0.2620333295533205
881,-0.9773659326652904,4.387608472952288,0.06400192284769447
882,-3.0797018666914053,5.665549738183022,8.590136932014898
883,-1.7966280998859026,3.9184997932418324,0.3509959442234432
884,3.2358216013839876,-5.558736760922422,-7.027878912529096
885,-8.64091341438512,-20.81371092929602,-10.831446963893354
886,8.185697567205242,8.40969862173876,-6.0094412489307345
887,-5.302301674403317,-8.501086163019496,7.023284686038333
888,8.869855431272416,-5.445828354323182,9.462318657866982
889,17.844374758651178,0.33436021763522816,6.816831295017257
890,1.7266217382572318,-6.558902944530038,1.9516809124278536
891,1.3783214722134145,-10.282248432262408,5.1781156022203865
892,-7.049498484374459,-3.9796072043476447,-5.098303280299803
893,-6.073924042513276,-6.080646240312665,2.600045538040665
894,9.197430685037013,3.705878328433653,-4.502872979753398
895,0.3207795247417671,4.841188763212999,6.1352260231939075
896,-1.6524069714072782,9.625196730761585,-5.857663853252515
897,-10.222853150373924,3.144702498404331,-7.1829320963018475
898,3.2091644024436228,-10.91394190925802,3.828265165129678
899,1.254654179268234,-1.6147238579160739,14.20705086093623
900,11.15291984493661,1.8253295647440073,-3.448380937353218
901,3.5763962462645424,0.31686456693383036,-2.2823212024776454
902,9.170626133164895,-6.593537874027296,8.158965007465241
903,-5.103036943549634,-2.2668182693594208,1.9142998791338626
904,4.575038747533475,3.912196737257999,-6.037251931079656
905,2.1316239793577187,0.5837119105352291,8.044948370918718
906,2.624159034345779,2.7399970437436325,-0.06071420205012227
907,-5.867394357157361,4.073728188986847,1.4708832871828752
908,-1.3180453063885633,-12.828506913953445,-1.36934164989527
909,3.5937148196183077,11.373251846689485,5.020592799344451
910,5.69792554510095,5.8433350101618,4.832787293115294
911,-22.541997353284476,1.8225711912469629,-2.668664357654195
912,-0.35388353835040814,11.530768291198829,-1.439237995452516
913,5.5923876345749735,-8.551240558363558,0.6031439720893338
914,3.6421473900841033,-7.873403067510991,-0.7554662094467125
915,4.105620659178437,-4.138228243558674,-4.222162896742244
916,-2.862311322330357,-5.0269539707884965,-0.7604487128348077
917,-11.966089579775492,0.3211635393305139,-2.6172319569746105
918,6.7388630717776135,-4.373378187930802,-4.405511785385428
919,-3.1774550669995527,0.807267457447595,-4.833843298343877
920,-0.08641655749881737,0.718096762477004,7.547989524220811
921,-8.636802149286366,-2.984611851655315,7.956958719683557
922,-10.125629831361202,5.0287760719273535,-10.348664027426398
923,-1.3077553607872483,14.843735719219636,17.865605238114757
924,1.25383102081544,1.9367322966074598,-5.473416229768531
925,-8.174114105345684,7.886212206111595,-1.769141193958563
926,-0.7443746980089975,12.607379151394051,4.033458875410518
927,-2.9219219439817334,10.800472150505769,-5.342591918118373
928,4.385797432458567,3.8866097928562655,1.205241724382591
929,1.657919935722594,2.7878169292685,-7.123152759184162
930,-2.5291831832641547,1.12281070488274,4.687694946756592
931,6.755010879397302,0.9655458948208129,-3.7321242869392095
932,-5.681307986876266,-11.528490126704101,-18.00470052307512
933,-1.6473213243040092,-9.360021661298212,-9.328647256810235
934,-20.075959905789894,16.38657932102444,1.3628389748452865
935,8.099860702197894,8.215953806767436,-5.31603061039084
936,-2.9103092197376985,-0.6140782972707547,3.302819139733982
937,0.8930707037680153,-5.68380204658733,-1.7663719799242017
938,2.315440521142822,1.564734559590624,6.406721617847121
939,-0.29659702787875475,5.821822014166797,8.552760565708546
940,0.2805469971038152,-11.064397919062898,-0.08217233099491275
941,3.1783047672870834,-10.700275913842328,-4.987171808242711
942,3.271483536082311,9.49379469119548,-20.265742873367685
943,-8.427926256136113,-0.06209683518559458,-9.104491760170312
944,3.4979840131707176,1.9201040369304079,1.558105410769395
945,1.6508474020770016,-8.274646832880293,4.480581020678374
946,5.783253205257545,15.27057227528662,-2.1707563597777395
947,2.091238059489626,-4.686402921289699,-8.19882904974955
948,6.946945290083763,4.963442808370056,0.6805806404871056
949,-1.4283275375755045,11.70547595468848,3.543545803667805
950,0.2215833885005972,3.5677881618315768,-1.2575753588943657
951,-3.7496945020366814,8.799702853603765,7.432632101807175
952,-9.602700777953261,-0.6310765891928444,-2.906465480283863
953,-2.4024781968233873,-2.598983342426563,-6.489753512944752
954,2.677513999950311,2.0680004125105476,9.43852119258969
955,4.031958523822497,-1.5991441293828599,-7.85204574777295
956,-9.995088357612525,2.568768688361663,7.49005599709112
957,8.068395616223071,-14.696023765766677,1.1589983280312426
958,-9.814878425314168,-3.5340140139740477,-3.739929922480976
959,-5.057166411551423,11.26945349427482,1.072447825302435
960,13.799153695965137,-0.6880892410134816,-4.89574918915371
961,-3.1786599341362534,4.469768926920282,0.9531956615627689
962,-8.44867759682944,-18.203334629096002,10.657289550364743
963,1.527315700854953,5.300340654678518,-4.702783954246884
964,-10.255145993655606,3.75836832372094,6.739498073289923
965,-5.892807881438738,-5.686651386407014,-1.2979951381928119
966,3.4848342947369635,9.89576213511278,0.7513886964926767
967,5.260228624285093,-1.7275951585474543,7.938474520398924
968,-6.865335194187951,4.235733337676582,-6.731874855474817
969,2.3040302149583134,-0.40757326631193697,8.729926022237652
970,-7.309550725808352,-11.233087667511523,1.3281872689953578
971,-7.152382814276755,3.29537980791808,5.106343328278612
972,-7.554451188770608,4.081196160747542,1.8979001420285542
973,2.556867520003793,4.5192259149936636,2.962868381523041
974,10.849653735603916,1.6140618674701932,1.9473227957244825
975,-8.075307695335237,7.290987970437959,-4.795433220272642
976,6.294354163132847,-4.4278825347285995,-1.0164234543838597
977,-7.1355342090069875,-14.10943886245502,3.993299185753244
978,-1.5071859818031481,-5.818802010008671,-6.868580138324796
979,-6.356509252517295,-3.6121710485487224,-16.41143703403018
980,0.06693156263007695,-0.8098234417024502,-3.075664615176928
981,-0.8968779060347393,5.558299008316738,-9.622653319431828
982,-2.479538020489328,6.141412169730205,-6.34992491752598
983,1.9260484069565569,5.398008233420602,0.2921392271282345
984,2.2996647051321464,8.533097007118089,1.9486473310929373
985,14.585685737350671,4.314055056754626,-10.16589867121268
986,-5.929626702614124,-7.350583069250193,-2.9258019417488916
987,8.895965673558592,-5.416047737893474,2.3378218943821754
988,-7.809186369555687,4.856033422137442,-1.803196532734334
989,-0.21262699309876978,2.4391430225001542,9.152655717647706
990,-0.23587356511769006,-1.0687473854839582,2.0464654548477332
991,1.3434112905036437,-0.5689310047901938,-12.573630328013742
992,1.4377570312962717,-1.8628136014521006,0.20754486147530993
993,-4.733996979097365,-1.432651350914156,1.3234450810510983
994,0.23983581368680834,-7.0460115447079845,7.513650971539743
995,16.746441383624678,-11.203828348461025,-7.111498145521993
996,-1.9239027228895333,-7.456345480663638,4.376597536430707
997,-3.6422719443723706,5.042556799116637,-5.341960403969436
998,4.7777916309113335,-4.1489159329718195,-0.08751613739796865
999,-8.312728924516897,-4.158604038231578,7.29555169387787
